{"cameraMode":{"drawMode":0,"name":"Shaded","section":"Shading Mode"},"sceneLighting":false,"audioPlay":false,"sceneViewState":{"showFog":true,"showMaterialUpdate":false,"showSkybox":false,"showFlares":true,"showImageEffects":true,"showParticleSystems":true},"in2DMode":false,"pivot":{"x":-0.16709822416305543,"y":0.09852923452854157,"z":-1.8794572353363038},"rotation":{"x":0.03445586934685707,"y":-0.046455591917037967,"z":0.0016033537685871125,"w":0.9983248114585877},"size":4.0578837394714359,"orthographic":false}